image,plate_box,char_count,recognized,char_boxes,source,plate_conf
Datasets/002.jpg,"1263,386,126,113",6,??????,"1272,434,10,46;1296,426,15,40;1314,423,14,44;1326,429,8,28;1352,422,6,28;1357,411,19,45",yolo_plate_refined_chars,0.2267
Datasets/004.jpg,"952,395,160,151",6,??????,"977,464,15,46;994,456,14,48;1012,456,14,48;1028,451,17,44;1046,447,10,44;1060,439,28,49",yolo_plate_refined_chars,0.6335
Datasets/005.jpg,"1121,317,106,104",7,???????,"1129,369,9,46;1143,369,9,46;1156,369,9,46;1169,369,9,46;1183,369,9,46;1196,369,9,46;1210,369,9,46",yolo_plate_refined_chars,0.2513
Datasets/006.jpg,"940,439,160,138",7,???????,"968,495,29,49;996,491,18,45;1020,485,17,44;1042,479,9,46;1056,476,10,45;1068,471,14,45;1081,461,18,69",yolo_plate_normalized_chars,0.7694
Datasets/007.jpg,"1260,382,118,126",7,???????,"1276,436,12,43;1291,431,11,50;1302,424,16,46;1318,424,12,40;1331,420,11,40;1342,417,11,39;1356,412,5,41",yolo_plate_normalized_chars,0.6595
Datasets/009.jpg,"271,768,281,197",7,???????,"293,785,24,108;328,785,24,108;364,785,24,108;399,785,24,108;435,785,24,108;471,785,24,108;506,785,24,108",yolo_plate_refined_chars,0.8176
Datasets/010.jpg,"542,612,228,176",7,???????,"568,641,18,111;596,641,18,111;623,641,18,111;651,641,18,111;679,641,18,111;706,641,18,111;734,641,18,111",yolo_plate_refined_chars,0.6818
Datasets/012.jpg,"816,431,158,112",5,?????,"852,475,14,38;890,473,14,36;906,472,14,36;922,471,14,35;943,469,4,36",yolo_plate_refined_chars,0.5640
Datasets/013.jpg,"591,345,127,81",7,???????,"607,376,12,28;623,373,5,31;630,373,11,31;643,373,5,31;657,373,4,28;670,372,3,29;679,371,5,29",yolo_plate_normalized_chars,0.5536
Datasets/014.jpg,"831,440,145,107",7,???????,"849,481,16,37;866,480,14,36;881,478,20,36;903,474,12,38;919,474,12,38;933,471,11,39;947,471,11,39",yolo_plate_refined_chars,0.5521
Datasets/015.jpg,"913,513,178,128",7,???????,"916,554,21,38;940,559,16,48;962,553,11,48;976,553,11,48;990,553,11,48;1006,550,10,46;1024,543,24,50",yolo_plate_normalized_chars,0.3817
Datasets/017.jpg,"1097,521,148,115",5,?????,"1120,564,18,43;1141,560,14,44;1158,560,14,44;1173,557,17,42;1194,555,18,48",yolo_plate_refined_chars,0.4563
Datasets/019.jpg,"1273,532,140,131",7,???????,"1291,547,10,95;1307,547,10,95;1323,547,10,95;1339,547,10,95;1355,547,10,95;1371,547,10,95;1387,547,10,95",yolo_plate_refined_chars,0.5772
Datasets/020.jpg,"1124,521,145,119",7,???????,"1135,530,12,54;1154,530,12,54;1172,530,12,54;1190,530,12,54;1209,530,12,54;1227,530,12,54;1246,530,12,54",yolo_plate_refined_chars,0.7554
Datasets/021.jpg,"964,498,172,128",7,???????,"988,546,15,47;1008,541,23,48;1034,541,10,48;1050,538,18,45;1073,537,8,45;1087,534,13,46;1103,534,13,46",yolo_plate_normalized_chars,0.6783
Datasets/022.jpg,"1089,481,126,106",7,???????,"1101,497,10,78;1117,497,10,78;1132,497,10,78;1148,497,10,78;1164,497,10,78;1179,497,10,78;1195,497,10,78",yolo_plate_refined_chars,0.6298
Datasets/023.jpg,"396,327,103,68",6,??????,"408,355,12,26;424,353,9,27;436,353,9,27;446,353,11,26;464,352,10,25;471,356,16,26",yolo_plate_refined_chars,0.3172
Datasets/024.jpg,"621,401,134,90",7,???????,"649,438,10,36;661,438,10,36;666,430,11,34;680,430,11,34;694,429,18,32;713,429,15,32;728,429,14,28",yolo_plate_refined_chars,0.5022
Datasets/026.jpg,"1013,518,156,137",6,??????,"1032,570,16,44;1050,568,18,44;1068,565,14,43;1084,562,23,44;1106,558,11,46;1120,556,27,43",yolo_plate_refined_chars,0.7211
Datasets/027.jpg,"436,302,111,68",7,???????,"447,330,11,26;460,328,9,27;472,328,9,27;488,328,10,27;500,328,10,27;514,328,5,25;522,328,12,25",yolo_plate_refined_chars,0.7241
Datasets/028.jpg,"1130,481,163,137",7,???????,"1142,490,14,58;1163,490,14,58;1184,490,14,58;1204,490,14,58;1225,490,14,58;1246,490,14,58;1267,490,14,58",yolo_plate_refined_chars,0.7460
Datasets/029.jpg,"608,390,115,84",7,???????,"623,422,14,31;637,421,13,31;651,420,13,29;667,416,11,35;686,417,12,30;699,417,12,29;714,403,8,40",yolo_plate_refined_chars,0.4789
Datasets/030.jpg,"1089,503,141,106",5,?????,"1090,549,14,52;1108,546,10,35;1124,547,12,34;1160,557,9,15;1177,552,2,21",yolo_plate_refined_chars,0.6346
Datasets/032.jpg,"1051,485,142,113",7,???????,"1071,526,14,38;1086,521,6,41;1094,521,6,41;1101,521,6,41;1109,521,6,41;1124,520,8,38;1153,521,8,26",yolo_plate_refined_chars,0.4393
Datasets/036.jpg,"437,337,118,73",7,???????,"451,362,10,35;464,362,11,31;476,362,11,28;494,360,10,29;507,360,10,29;522,358,6,29;532,359,12,27",yolo_plate_refined_chars,0.4219
Datasets/038.jpg,"684,554,237,129",7,???????,"711,596,22,44;736,598,22,43;761,599,23,45;793,601,27,44;821,603,23,43;847,605,22,43;872,606,24,42",yolo_plate_refined_chars,0.8605
Datasets/039.jpg,,0,,,no_plate,
Datasets/040.jpg,"845,68,119,75",7,???????,"858,96,11,24;872,95,14,27;887,96,14,27;901,95,15,28;916,94,20,29;933,99,18,31;953,95,2,17",yolo_plate_refined_chars,0.4617
Datasets/041.jpg,"831,139,139,67",5,?????,"843,154,23,34;868,155,17,33;888,155,17,33;916,155,19,34;937,155,18,34",yolo_plate_refined_chars,0.3545
Datasets/042.jpg,"527,176,142,75",5,?????,"546,197,18,34;567,197,18,35;587,197,19,35;616,198,20,35;637,199,20,35",yolo_plate_refined_chars,0.1707
Datasets/043.jpg,"757,81,140,70",5,?????,"777,104,18,33;797,105,16,32;816,105,18,34;844,105,16,33;865,115,17,24",yolo_plate_refined_chars,0.4173
Datasets/044.jpg,"338,129,131,82",5,?????,"341,165,12,33;356,151,18,33;377,152,15,33;399,153,8,33;423,154,21,36",yolo_plate_refined_chars,0.3359
Datasets/045.jpg,"754,169,142,93",7,???????,"765,180,12,71;783,180,12,71;801,180,12,71;819,180,12,71;837,180,12,71;855,180,12,71;873,180,12,71",yolo_plate_refined_chars,0.6497
Datasets/046.jpg,"340,530,221,129",5,?????,"368,563,29,50;400,568,27,48;442,568,29,52;470,571,30,51;504,575,30,50",yolo_plate_refined_chars,0.8304
Datasets/047.jpg,"729,246,179,97",7,???????,"746,267,5,49;751,277,17,35;770,277,15,38;790,277,15,38;812,278,19,36;838,285,26,29;871,280,18,37",yolo_plate_refined_chars,0.9032
Datasets/048.jpg,"795,210,159,69",7,???????,"810,216,14,45;828,216,14,45;845,226,16,35;865,229,20,32;884,230,17,32;902,231,17,31;919,231,17,31",yolo_plate_refined_chars,0.1221
Datasets/049.jpg,"733,105,164,103",7,???????,"736,132,15,49;761,142,25,44;789,142,11,44;804,142,20,37;837,126,13,53;853,126,13,53;870,126,13,53",yolo_plate_normalized_chars,0.6304
Datasets/050.jpg,"627,160,205,93",6,??????,"695,186,20,38;716,186,22,39;740,186,20,38;771,182,26,43;795,188,21,38;818,177,13,36",yolo_plate_refined_chars,0.2277
Datasets/052.jpg,"510,539,235,129",7,???????,"528,570,30,49;556,573,28,48;586,576,23,47;617,577,25,46;643,578,26,48;671,577,25,50;704,582,11,50",yolo_plate_refined_chars,0.8491
Datasets/053.jpg,"761,293,165,105",7,???????,"765,338,10,32;778,324,21,42;803,326,21,42;827,327,21,42;862,328,23,42;888,329,21,41;915,320,10,53",yolo_plate_refined_chars,0.2717
Datasets/054.jpg,"644,397,230,137",7,???????,"645,444,19,49;673,438,23,46;699,440,24,47;728,440,24,47;766,442,24,46;793,445,28,45;823,448,50,55",yolo_plate_normalized_chars,0.7384
Datasets/055.jpg,"750,82,150,74",7,???????,"751,95,13,54;768,103,22,36;789,104,21,35;810,104,22,36;844,104,18,35;862,104,22,35;894,96,6,45",yolo_plate_refined_chars,0.5449
Datasets/056.jpg,"751,272,183,104",7,???????,"752,331,21,24;775,306,16,39;795,306,16,39;811,308,20,36;835,308,22,37;858,309,18,36;883,309,36,38",yolo_plate_normalized_chars,0.9251
Datasets/057.jpg,"183,235,119,88",5,?????,"211,264,14,32;226,265,15,32;242,266,14,33;258,268,13,32;274,270,14,31",yolo_plate_refined_chars,0.8501
Datasets/058.jpg,"713,63,163,103",6,??????,"714,95,33,36;748,116,29,31;785,85,21,48;815,96,22,38;838,96,26,46;861,96,15,37",yolo_plate_refined_chars,0.3271
Datasets/060.jpg,"497,145,165,106",7,???????,"503,174,16,41;515,176,24,41;541,176,22,40;564,176,22,41;597,175,25,42;622,176,28,51;648,173,14,42",yolo_plate_refined_chars,0.7305
Datasets/061.jpg,"549,389,188,120",6,??????,"550,420,6,44;567,422,25,47;593,424,28,47;620,421,26,53;662,427,29,47;691,429,29,46",yolo_plate_refined_chars,0.8523
Datasets/062.jpg,"580,286,176,99",7,???????,"581,308,16,44;620,320,36,40;661,322,19,36;680,322,20,37;699,322,21,36;718,322,19,39;740,311,15,50",yolo_plate_normalized_chars,0.8691
Datasets/064.jpg,"753,391,188,106",5,?????,"774,420,25,42;801,422,25,43;829,424,23,41;867,426,25,44;893,427,26,42",yolo_plate_refined_chars,0.8950
Datasets/065.jpg,,0,,,no_plate,
Datasets/066.jpg,"487,169,174,105",7,???????,"488,194,20,53;512,200,10,35;525,200,10,35;540,202,12,41;558,202,24,40;591,201,9,47;603,201,20,47",yolo_plate_normalized_chars,0.5873
Datasets/067.jpg,"850,220,143,81",7,???????,"851,238,13,35;865,242,20,34;886,242,18,34;910,240,12,39;936,241,22,36;956,241,23,36;973,237,20,36",yolo_plate_refined_chars,0.4203
Datasets/068.jpg,"500,6,545,165",7,???????,"501,12,58,109;587,49,29,69;618,50,26,67;697,46,50,73;753,50,29,69;793,50,26,67;833,47,23,80",yolo_plate_normalized_chars,0.6470
Datasets/069.jpg,"829,227,160,100",7,???????,"830,248,12,34;851,265,26,39;881,263,7,25;895,263,19,34;915,264,19,34;935,264,19,35;951,253,23,34",yolo_plate_normalized_chars,0.3315
Datasets/070.jpg,"872,283,197,114",7,???????,"893,319,20,38;915,306,16,60;936,306,16,60;969,323,6,37;983,324,20,36;1003,325,20,38;1025,326,21,38",yolo_plate_refined_chars,0.8613
Datasets/071.jpg,"855,206,160,85",7,???????,"873,230,7,34;882,230,15,34;899,230,7,34;907,231,20,34;936,231,8,33;948,231,19,34;972,231,8,35",yolo_plate_normalized_chars,0.5120
Datasets/073.jpg,"645,270,154,91",5,?????,"660,294,25,37;682,296,25,36;707,296,23,37;740,296,25,38;765,296,21,41",yolo_plate_refined_chars,0.4479
Datasets/074.jpg,"618,88,168,99",6,??????,"619,108,17,63;653,119,23,44;677,107,20,49;706,119,20,35;727,119,22,36;747,119,22,35",yolo_plate_refined_chars,0.1130
Datasets/077.jpg,"717,47,155,97",7,???????,"718,64,14,27;735,78,17,32;752,79,17,31;768,79,17,31;788,78,31,35;825,79,14,34;843,79,14,34",yolo_plate_normalized_chars,0.7366
Datasets/078.jpg,"546,101,134,82",5,?????,"562,127,20,34;582,118,20,44;609,128,18,34;629,128,18,34;648,128,19,34",yolo_plate_refined_chars,0.5020
Datasets/080.jpg,"910,262,180,99",7,???????,"931,294,15,35;950,294,15,35;969,296,18,34;994,296,18,34;1017,298,15,36;1036,298,15,36;1060,298,7,35",yolo_plate_refined_chars,0.7947
Datasets/081.jpg,"816,221,165,100",5,?????,"832,245,25,50;862,255,19,38;884,255,20,38;919,256,20,38;942,257,21,39",yolo_plate_refined_chars,0.7520
Datasets/082.jpg,"749,151,508,142",7,???????,"773,195,14,45;808,200,18,35;832,201,16,36;852,201,16,36;881,201,19,36;904,202,19,36;1110,193,14,61",yolo_plate_normalized_chars,0.1656
Datasets/083.jpg,"844,203,142,92",5,?????,"860,232,18,35;880,233,18,35;902,233,19,36;932,234,18,35;954,235,18,35",yolo_plate_refined_chars,0.5524
Datasets/085.jpg,,0,,,no_plate,
Datasets/086.jpg,"915,172,135,78",5,?????,"931,196,17,33;951,196,18,33;971,196,18,32;1001,196,16,34;1020,196,18,33",yolo_plate_refined_chars,0.2824
Datasets/087.jpg,"617,236,142,77",5,?????,"635,260,18,34;656,260,17,34;676,260,18,35;705,260,18,36;727,261,18,35",yolo_plate_refined_chars,0.6552
Datasets/088.jpg,"812,206,147,100",7,???????,"813,226,10,34;829,237,19,35;848,238,17,36;866,239,19,36;884,239,19,36;911,240,17,36;927,239,22,37",yolo_plate_refined_chars,0.8494
Datasets/090.jpg,"671,341,217,104",7,???????,"690,368,25,42;716,374,3,23;724,372,38,40;768,373,25,40;787,372,37,43;826,389,10,24;841,372,25,40",yolo_plate_refined_chars,0.8921
Datasets/091.jpg,"813,168,140,81",6,??????,"818,208,8,25;829,196,17,33;850,196,17,33;871,197,16,33;899,197,18,34;919,197,18,33",yolo_plate_refined_chars,0.6243
Datasets/092.jpg,"825,155,154,88",5,?????,"844,184,22,34;866,183,19,35;882,183,26,34;917,181,20,35;937,180,23,36",yolo_plate_refined_chars,0.7162
Datasets/093.jpg,"707,335,213,120",7,???????,"710,386,18,41;737,380,12,40;753,380,12,40;768,380,12,40;784,380,12,40;807,380,11,40;821,380,25,40",yolo_plate_normalized_chars,0.7844
Datasets/094.jpg,"699,143,145,92",5,?????,"723,170,12,34;741,171,19,33;765,172,10,34;790,173,19,33;811,173,19,34",yolo_plate_refined_chars,0.1813
Datasets/095.jpg,"799,254,150,91",6,??????,"816,281,17,33;835,283,17,33;854,284,17,33;874,285,16,33;898,286,17,34;918,287,17,33",yolo_plate_refined_chars,0.8578
Datasets/096.jpg,"272,222,159,106",5,?????,"294,257,20,39;320,258,12,39;338,259,19,39;369,259,20,39;391,260,19,39",yolo_plate_refined_chars,0.8135
Datasets/097.jpg,"841,246,149,98",6,??????,"842,267,5,30;856,276,19,36;875,278,19,42;895,278,20,36;914,278,19,36;947,267,30,48",yolo_plate_refined_chars,0.7808
Datasets/098.jpg,"832,205,147,96",5,?????,"850,236,18,33;871,236,18,33;896,237,9,33;923,237,17,35;942,238,19,34",yolo_plate_refined_chars,0.2214
Datasets/099.jpg,"555,361,168,105",5,?????,"573,392,27,41;593,389,27,43;619,390,26,42;657,392,25,41;681,392,21,41",yolo_plate_refined_chars,0.4619
Datasets/101.jpg,"291,552,243,135",7,???????,"317,591,53,48;366,594,28,47;397,598,30,47;423,597,29,47;449,598,28,47;474,599,29,47;504,600,29,47",yolo_plate_normalized_chars,0.9067
Datasets/102.jpg,"666,59,264,96",6,??????,"794,94,19,34;812,93,22,34;828,95,25,34;861,94,21,34;884,93,18,36;900,77,30,54",yolo_plate_refined_chars,0.1107
Datasets/103.jpg,"276,241,129,74",5,?????,"289,263,18,31;307,264,17,32;324,264,19,32;348,275,8,22;360,267,27,39",yolo_plate_refined_chars,0.3011
Datasets/104.jpg,"865,279,164,98",7,???????,"866,296,14,45;886,306,20,36;908,307,19,36;938,295,24,49;965,308,21,36;986,309,22,36;1008,298,20,40",yolo_plate_refined_chars,0.7867
Datasets/105.jpg,"643,145,145,73",7,???????,"667,198,6,18;677,198,6,18;687,198,6,18;697,198,6,18;708,198,6,18;718,198,6,18;728,198,6,18",yolo_plate_refined_chars,0.5775
Datasets/107.jpg,"860,102,126,75",6,??????,"863,125,22,41;889,128,15,31;906,128,20,27;926,128,17,27;943,128,17,31;959,128,15,27",yolo_plate_refined_chars,0.7676
Datasets/108.jpg,"291,402,169,116",6,??????,"315,446,11,30;332,441,20,41;352,442,20,42;378,442,14,46;402,437,23,50;422,446,21,43",yolo_plate_refined_chars,0.3456
Datasets/110.jpg,"699,195,134,70",7,???????,"702,213,20,38;724,213,9,38;735,213,9,38;755,213,6,32;769,213,15,32;788,213,9,33;799,213,9,33",yolo_plate_normalized_chars,0.2410
Datasets/111.jpg,"499,380,214,130",7,???????,"557,426,18,39;577,426,21,48;600,428,17,42;622,428,17,42;644,429,28,51;670,432,22,42;693,416,19,44",yolo_plate_refined_chars,0.8664
Datasets/113.jpg,"309,367,204,115",7,???????,"332,405,22,42;354,406,21,42;375,407,27,41;402,407,24,43;425,408,22,42;448,408,21,42;468,408,22,43",yolo_plate_refined_chars,0.9278
Datasets/114.jpg,"620,276,149,99",7,???????,"633,308,8,26;640,308,13,33;655,308,18,33;679,308,20,35;696,307,20,37;721,308,22,41;737,308,22,35",yolo_plate_refined_chars,0.7652
Datasets/115.jpg,"691,300,164,105",7,???????,"692,341,19,40;708,333,20,36;729,333,20,38;749,333,23,39;771,334,20,38;793,336,27,38;820,337,33,38",yolo_plate_normalized_chars,0.8074
Datasets/117.jpg,,0,,,no_plate,
Datasets/118.jpg,"614,365,162,98",5,?????,"615,394,32,35;644,394,21,42;673,396,22,38;694,386,35,47;735,382,34,62",yolo_plate_refined_chars,0.6956
Datasets/120.jpg,"763,222,147,85",6,??????,"781,248,16,34;796,247,26,41;820,254,10,25;835,250,17,33;853,250,27,40;878,251,17,33",yolo_plate_refined_chars,0.8642
Datasets/121.jpg,"799,287,154,99",7,???????,"816,318,18,35;836,318,19,35;861,320,19,34;881,321,19,35;900,322,19,34;924,322,11,36;943,328,10,32",yolo_plate_refined_chars,0.7452
Datasets/125.jpg,"770,221,171,93",7,???????,"790,250,34,36;824,252,19,35;848,253,18,34;867,254,19,34;885,254,19,36;905,254,18,36;927,265,13,30",yolo_plate_normalized_chars,0.8323
Datasets/126.jpg,"750,236,145,88",7,???????,"753,248,12,50;766,262,17,34;785,262,18,34;803,262,18,34;820,263,20,34;838,253,27,46;862,262,21,44",yolo_plate_refined_chars,0.8337
Datasets/128.jpg,"629,243,146,90",6,??????,"644,275,16,33;661,275,19,34;681,275,17,34;699,275,19,34;724,275,20,41;741,276,19,34",yolo_plate_refined_chars,0.7739
Datasets/130.jpg,"788,154,147,89",7,???????,"789,162,27,58;822,182,18,34;841,184,19,32;859,184,19,33;878,184,24,34;901,184,20,33;918,164,16,59",yolo_plate_refined_chars,0.8011
Datasets/131.jpg,"749,239,145,89",6,??????,"764,266,18,35;782,266,19,36;801,268,19,35;820,269,18,35;845,269,18,35;864,270,18,35",yolo_plate_refined_chars,0.8065
Datasets/132.jpg,"362,213,411,131",7,???????,"491,254,16,53;512,254,16,53;559,257,18,55;582,257,18,55;608,252,14,51;627,252,14,51;649,266,37,36",yolo_plate_normalized_chars,0.3356
Datasets/133.jpg,"688,204,170,98",7,???????,"709,236,17,34;726,235,18,35;746,237,17,34;762,238,24,34;786,238,18,34;804,238,18,34;828,238,8,34",yolo_plate_refined_chars,0.8533
Datasets/135.jpg,"786,209,146,91",6,??????,"804,239,17,33;821,240,18,39;840,240,18,33;857,240,18,33;882,240,19,40;899,241,18,33",yolo_plate_refined_chars,0.8501
Datasets/136.jpg,"789,234,146,83",7,???????,"790,261,16,38;806,267,30,36;842,262,19,34;861,262,19,35;880,262,24,35;905,262,20,34;925,267,9,37",yolo_plate_refined_chars,0.7654
Datasets/137.jpg,"828,256,148,89",6,??????,"846,284,17,34;863,285,18,40;882,285,19,35;905,286,10,34;926,286,20,41;944,288,19,34",yolo_plate_refined_chars,0.7668
Datasets/139.jpg,"673,218,141,88",6,??????,"689,245,16,33;707,246,15,33;724,246,16,34;740,246,20,36;766,248,14,31;783,248,15,35",yolo_plate_refined_chars,0.7729
Datasets/140.jpg,"781,206,142,93",6,??????,"798,236,16,33;814,236,18,40;834,237,17,34;852,239,16,33;870,239,25,41;894,240,16,33",yolo_plate_refined_chars,0.8116
Datasets/141.jpg,"723,214,173,98",7,???????,"747,245,15,33;765,246,16,33;783,247,16,33;807,247,17,33;832,248,4,33;845,249,16,33;863,250,16,33",yolo_plate_refined_chars,0.8432
Datasets/142.jpg,"703,252,174,96",7,???????,"721,284,20,34;741,285,21,40;757,285,21,34;783,286,19,34;803,286,18,34;821,286,19,34;840,286,19,35",yolo_plate_refined_chars,0.8608
Datasets/143.jpg,"701,224,139,75",6,??????,"715,245,18,31;732,245,18,32;751,246,24,33;774,246,18,33;792,246,19,34;811,248,18,32",yolo_plate_refined_chars,0.3024
Datasets/144.jpg,"719,228,144,85",5,?????,"735,264,27,33;775,261,18,30;793,262,18,30;823,249,29,50;851,268,11,23",yolo_plate_refined_chars,0.3119
Datasets/145.jpg,"747,148,142,88",7,???????,"748,183,15,25;767,178,13,37;783,178,13,37;800,177,13,32;817,177,13,32;838,177,19,37;854,166,18,39",yolo_plate_refined_chars,0.6785
Datasets/146.jpg,"750,220,141,88",6,??????,"764,247,18,36;780,248,22,36;804,248,20,37;833,248,18,36;855,246,20,40;877,235,14,39",yolo_plate_refined_chars,0.5597
Datasets/147.jpg,"465,124,150,90",5,?????,"484,156,20,34;509,156,12,35;527,156,19,35;559,156,16,36;580,156,16,36",yolo_plate_refined_chars,0.5715
Datasets/150.jpg,"722,61,134,84",7,???????,"723,85,12,33;736,86,20,34;756,80,20,41;777,86,18,35;801,78,25,44;825,87,21,35;847,86,8,33",yolo_plate_refined_chars,0.4579
Datasets/151.jpg,"706,150,91,58",6,??????,"716,173,11,20;728,173,11,20;738,173,11,20;750,173,16,21;765,174,12,20;777,174,11,20",yolo_plate_refined_chars,0.2683
Datasets/152.jpg,"562,295,180,105",7,???????,"568,308,32,62;599,325,21,38;632,326,14,40;649,326,14,40;665,326,19,38;684,327,20,38;706,327,19,38",yolo_plate_normalized_chars,0.8703
Datasets/153.jpg,"136,218,132,92",5,?????,"157,262,8,22;164,250,18,41;185,247,11,41;195,249,25,38;220,251,16,34",yolo_plate_refined_chars,0.5478
Datasets/154.jpg,"574,139,156,98",6,??????,"575,155,17,61;594,169,20,40;616,170,20,40;639,171,20,39;670,171,23,41;689,158,30,54",yolo_plate_refined_chars,0.5215
Datasets/155.jpg,"711,281,149,82",5,?????,"729,307,18,35;749,306,18,36;776,306,11,36;803,306,18,36;826,306,18,36",yolo_plate_refined_chars,0.7027
Datasets/157.jpg,"885,245,149,70",7,???????,"886,254,10,36;904,262,22,34;926,263,20,34;946,263,21,34;978,263,17,35;998,264,19,33;1017,268,2,28",yolo_plate_refined_chars,0.2860
Datasets/158.jpg,"789,276,147,74",7,???????,"790,290,14,33;802,296,22,33;825,296,20,38;845,297,23,38;876,297,23,35;901,297,20,36;920,291,15,35",yolo_plate_refined_chars,0.6805
Datasets/159.jpg,"774,283,175,100",7,???????,"788,319,19,38;806,319,19,36;826,320,21,36;852,321,20,35;872,321,19,36;892,321,21,36;912,321,20,37",yolo_plate_refined_chars,0.8416
Datasets/161.jpg,"197,215,113,83",5,?????,"207,238,12,33;223,239,13,33;249,241,13,32;264,242,13,32;281,242,14,33",yolo_plate_refined_chars,0.2219
Datasets/162.jpg,"910,219,146,92",5,?????,"930,253,28,36;970,248,18,34;990,250,17,32;1006,261,16,17;1028,251,17,33",yolo_plate_refined_chars,0.8334
Datasets/164.jpg,"839,201,141,78",5,?????,"855,224,17,34;874,224,17,34;906,224,17,33;925,224,16,33;946,224,17,33",yolo_plate_refined_chars,0.4477
Datasets/166.jpg,"158,249,128,89",7,???????,"159,268,17,36;174,272,20,35;193,272,16,36;211,272,18,38;236,274,20,37;256,276,18,36;273,275,13,37",yolo_plate_refined_chars,0.5292
Datasets/167.jpg,"723,230,183,104",6,??????,"745,264,24,38;771,265,22,38;792,264,20,38;829,265,8,38;842,264,24,38;868,266,20,37",yolo_plate_refined_chars,0.8290
Datasets/168.jpg,"726,162,133,77",7,???????,"727,182,10,31;741,185,17,33;757,185,19,33;779,185,19,33;808,184,18,34;826,185,22,33;847,183,11,35",yolo_plate_refined_chars,0.4599
Datasets/169.jpg,"600,216,158,97",7,???????,"601,239,13,36;622,250,20,37;641,249,22,39;672,246,24,39;694,248,21,38;716,246,20,38;748,234,9,38",yolo_plate_refined_chars,0.7275
Datasets/172.jpg,"392,407,204,108",6,??????,"393,447,10,30;415,438,28,44;442,440,29,43;469,440,29,44;510,440,29,44;536,440,26,44",yolo_plate_refined_chars,0.8206
Datasets/173.jpg,"787,303,150,93",5,?????,"804,332,22,36;825,332,21,36;848,333,21,36;880,334,21,36;905,334,19,36",yolo_plate_refined_chars,0.8028
Datasets/174.jpg,"550,302,187,111",7,???????,"565,360,2,24;567,325,33,53;609,341,21,38;635,341,24,36;657,343,20,38;676,343,23,38;697,344,24,48",yolo_plate_refined_chars,0.9336
Datasets/175.jpg,"335,282,169,97",7,???????,"336,296,17,42;357,310,18,40;371,312,20,37;392,314,17,36;412,314,19,36;430,316,21,36;450,317,39,37",yolo_plate_normalized_chars,0.8843
Datasets/177.jpg,"757,298,169,90",7,???????,"758,309,14,48;781,322,21,38;804,324,22,38;828,325,22,38;859,326,24,39;885,327,24,41;920,318,6,39",yolo_plate_refined_chars,0.7373
Datasets/178.jpg,"831,212,154,89",5,?????,"853,242,18,33;873,242,19,33;904,242,18,33;925,242,18,33;950,241,23,43",yolo_plate_refined_chars,0.5407
Datasets/179.jpg,"328,262,133,77",7,???????,"329,273,20,44;347,281,21,38;368,285,18,34;384,287,20,33;408,285,24,37;430,288,17,34;450,278,10,45",yolo_plate_refined_chars,0.1182
Datasets/180.jpg,"748,314,160,96",7,???????,"753,337,8,32;768,345,20,36;795,346,12,36;815,347,20,36;851,347,9,39;862,347,9,39;873,347,20,39",yolo_plate_normalized_chars,0.2920
Datasets/183.jpg,"864,244,177,75",7,???????,"865,253,17,35;884,252,15,46;904,252,15,46;922,263,20,38;941,264,26,35;966,264,21,36;985,264,40,36",yolo_plate_normalized_chars,0.6263
Datasets/184.jpg,"591,481,187,122",7,???????,"595,514,10,38;611,524,25,43;644,526,14,43;667,528,25,43;711,529,14,46;728,529,14,46;745,529,14,46",yolo_plate_refined_chars,0.4734
Datasets/187.jpg,"238,173,126,74",7,???????,"239,187,17,44;255,192,18,34;273,193,19,34;290,193,17,34;309,192,25,38;332,195,16,35;352,182,11,64",yolo_plate_refined_chars,0.6767
Datasets/188.jpg,"620,213,228,103",7,???????,"662,240,5,38;688,239,5,26;692,233,27,51;716,233,28,55;753,246,21,40;776,245,25,42;804,246,13,39",yolo_plate_refined_chars,0.1102
Datasets/190.jpg,"790,221,150,76",6,??????,"791,229,13,37;812,240,19,37;833,240,19,36;854,241,19,36;884,242,19,35;904,242,20,38",yolo_plate_refined_chars,0.7598
Datasets/191.jpg,"773,274,190,106",7,???????,"774,301,17,52;795,312,40,38;834,312,22,39;860,312,21,38;882,311,21,38;904,311,19,38;926,310,19,39",yolo_plate_normalized_chars,0.8936
Datasets/192.jpg,"858,169,147,89",7,???????,"881,197,9,36;893,197,20,41;913,197,19,35;930,198,18,34;955,198,20,41;973,200,18,33;993,204,3,28",yolo_plate_refined_chars,0.7879
Datasets/194.jpg,"895,249,176,92",6,??????,"916,280,19,33;940,281,17,32;960,282,19,32;991,282,19,33;1013,282,19,33;1035,282,19,33",yolo_plate_refined_chars,0.7866
Datasets/196.jpg,"838,255,176,92",6,??????,"858,288,19,35;882,288,17,35;902,288,20,35;932,288,20,35;954,288,18,36;977,288,19,35",yolo_plate_refined_chars,0.8138
Datasets/197.jpg,"819,283,177,89",7,???????,"820,301,33,44;857,304,16,41;877,307,19,39;901,308,22,38;921,307,21,39;942,308,21,38;962,309,22,37",yolo_plate_normalized_chars,0.9040
Datasets/200.jpg,"681,162,148,84",5,?????,"700,185,18,33;722,185,18,35;746,186,11,34;776,186,17,33;795,186,20,34",yolo_plate_refined_chars,0.5535
Datasets/201.jpg,"709,146,141,90",5,?????,"721,172,24,33;745,173,18,33;766,173,27,33;788,160,25,48;813,173,21,35",yolo_plate_refined_chars,0.4077
Datasets/204.jpg,"859,300,168,92",7,???????,"862,312,16,56;882,312,16,56;899,327,21,39;929,328,13,35;948,330,20,33;977,316,16,56;997,316,16,56",yolo_plate_refined_chars,0.8119
Datasets/205.jpg,"748,317,173,111",7,???????,"749,338,14,41;769,351,21,40;783,336,17,42;794,352,21,40;816,355,22,40;851,355,23,45;878,356,26,52",yolo_plate_refined_chars,0.6926
Datasets/206.jpg,"906,226,176,99",7,???????,"927,261,18,33;945,261,19,32;965,262,23,32;989,261,19,34;1009,262,18,33;1028,262,17,33;1053,261,8,35",yolo_plate_refined_chars,0.8520
Datasets/207.jpg,"719,101,160,89",7,???????,"720,123,14,49;740,129,20,38;766,129,11,36;783,129,20,36;814,128,21,38;835,128,20,38;868,123,11,50",yolo_plate_refined_chars,0.6591
Datasets/209.jpg,"880,246,148,76",6,??????,"881,261,4,28;898,268,21,35;919,268,22,37;941,268,20,35;972,268,20,35;995,268,21,37",yolo_plate_refined_chars,0.6742
Datasets/210.jpg,"0,23,243,131",7,???????,"19,37,20,96;50,37,20,96;81,37,20,96;112,37,20,96;142,37,20,96;173,37,20,96;204,37,20,96",yolo_plate_refined_chars,0.2727
Datasets/211.jpg,"687,234,168,91",7,???????,"709,262,16,34;723,262,20,35;742,264,19,32;763,265,21,33;783,265,18,33;807,266,9,35;821,265,18,35",yolo_plate_refined_chars,0.8537
Datasets/212.jpg,"697,248,159,89",7,???????,"698,262,17,37;714,264,21,41;736,276,20,36;759,276,13,36;775,277,20,35;801,277,20,35;820,263,22,57",yolo_plate_normalized_chars,0.6854
Datasets/213.jpg,"759,76,157,93",5,?????,"782,106,22,37;804,106,25,38;825,106,22,37;857,105,22,38;879,105,22,39",yolo_plate_refined_chars,0.5409
Datasets/214.jpg,"670,228,185,106",6,??????,"688,262,24,38;716,264,18,38;737,264,20,38;775,264,7,38;791,266,20,38;810,266,24,38",yolo_plate_refined_chars,0.5531
Datasets/217.jpg,"0,23,246,123",7,???????,"34,46,10,46;49,46,10,46;64,46,10,46;79,46,10,46;94,46,10,46;109,46,10,46;124,46,10,46",yolo_plate_refined_chars,0.1991
Datasets/218.jpg,"308,177,136,77",6,??????,"323,193,19,41;342,199,19,35;363,199,19,36;383,198,12,38;399,198,12,38;411,200,19,35",yolo_plate_refined_chars,0.3827
Datasets/219.jpg,"0,24,231,128",7,???????,"18,37,19,90;47,37,19,90;77,37,19,90;106,37,19,90;135,37,19,90;165,37,19,90;194,37,19,90",yolo_plate_refined_chars,0.2818
Datasets/220.jpg,"813,211,149,89",5,?????,"828,238,21,35;852,240,19,36;873,240,19,36;904,241,19,36;927,241,19,36",yolo_plate_refined_chars,0.6910
Datasets/221.jpg,"921,235,159,106",7,???????,"943,268,22,37;971,270,10,37;993,270,10,37;1003,272,2,34;1020,272,9,35;1031,272,9,35;1040,271,22,37",yolo_plate_normalized_chars,0.4156
Datasets/222.jpg,"714,312,180,100",6,??????,"732,345,21,34;758,346,18,34;778,347,19,34;810,349,18,33;833,349,20,34;857,350,20,34",yolo_plate_refined_chars,0.8466
Datasets/224.jpg,"439,341,165,99",7,???????,"448,378,10,42;463,369,23,37;488,370,20,37;509,371,21,37;540,372,23,37;561,372,26,37;588,375,12,36",yolo_plate_refined_chars,0.7855
Datasets/226.jpg,"0,17,249,143",7,???????,"19,34,21,109;51,34,21,109;82,34,21,109;114,34,21,109;146,34,21,109;177,34,21,109;209,34,21,109",yolo_plate_refined_chars,0.1353
Datasets/228.jpg,"694,171,146,77",7,???????,"695,192,15,38;707,192,24,40;732,192,22,39;754,192,19,37;784,192,19,37;806,193,21,36;831,192,9,37",yolo_plate_normalized_chars,0.6425
Datasets/230.jpg,"590,274,177,98",6,??????,"611,305,25,41;636,305,36,43;672,305,25,41;697,299,27,48;726,305,15,42;749,279,18,72",yolo_plate_refined_chars,0.7554
Datasets/233.jpg,"806,247,151,98",7,???????,"820,279,19,36;836,279,23,43;859,279,20,36;879,279,19,36;899,279,29,43;925,279,19,36;946,269,2,24",yolo_plate_refined_chars,0.6890
Datasets/236.jpg,"776,252,175,90",7,???????,"777,267,16,45;796,280,36,35;832,280,20,35;858,280,18,35;876,280,19,34;898,276,15,44;917,276,15,44",yolo_plate_normalized_chars,0.8959
Datasets/237.jpg,"818,265,188,103",7,???????,"819,287,21,57;840,298,40,39;882,300,18,36;906,301,20,35;926,301,21,36;950,299,16,45;970,299,16,45",yolo_plate_normalized_chars,0.9078
Datasets/238.jpg,"745,232,145,81",7,???????,"763,262,4,10;766,262,2,10;768,262,2,10;799,264,1,9;801,263,2,10;803,263,2,10;806,263,2,10",yolo_plate_normalized_chars,0.6315
Datasets/241.jpg,"756,121,163,100",5,?????,"782,153,19,37;809,153,10,37;827,154,20,37;860,154,20,39;884,154,20,38",yolo_plate_refined_chars,0.4641
Datasets/242.jpg,"161,276,131,91",7,???????,"179,304,19,32;203,310,4,25;208,305,16,33;223,307,20,32;243,308,21,33;258,308,22,39;281,328,6,22",yolo_plate_refined_chars,0.8133
Datasets/243.jpg,"618,303,164,104",7,???????,"639,333,20,40;661,335,21,39;684,335,21,40;720,335,12,44;736,335,12,44;752,336,10,34;761,337,3,38",yolo_plate_normalized_chars,0.9222
Datasets/244.jpg,"699,187,155,99",7,???????,"700,201,28,64;725,218,16,32;740,221,20,37;762,221,19,38;806,223,14,46;823,223,14,46;838,208,15,57",yolo_plate_refined_chars,0.6844
Datasets/245.jpg,"781,154,143,90",7,???????,"802,181,19,34;820,181,18,34;840,181,18,34;869,181,19,33;888,181,18,34;911,172,3,27;913,200,2,21",yolo_plate_refined_chars,0.7649
Datasets/246.jpg,"831,233,174,97",7,???????,"850,265,15,35;869,265,15,35;888,265,18,34;915,266,14,35;934,266,14,35;953,267,18,34;978,267,7,35",yolo_plate_refined_chars,0.7456
Datasets/247.jpg,"227,271,149,105",6,??????,"242,316,26,38;262,311,25,35;288,312,18,34;306,312,18,34;324,311,20,35;346,310,13,38",yolo_plate_refined_chars,0.6927
Datasets/248.jpg,"18,389,188,120",7,???????,"36,422,17,61;58,422,17,61;83,431,24,39;113,429,15,39;141,426,29,45;162,411,31,61;190,420,15,52",yolo_plate_refined_chars,0.9248
Datasets/249.jpg,,0,,,no_plate,
Datasets/250.jpg,"127,0,90,60",7,???????,"127,13,6,28;137,12,8,26;147,12,8,26;155,13,10,25;169,15,18,21;190,15,8,21;199,16,10,20",yolo_plate_normalized_chars,0.6451
Datasets/251.jpg,"170,284,187,108",7,???????,"194,346,6,27;202,346,6,27;212,346,6,27;220,346,6,27;230,346,6,27;238,346,6,27;248,346,6,27",yolo_plate_refined_chars,0.8692
Datasets/253.jpg,,0,,,no_plate,
Datasets/256.jpg,"508,87,159,115",5,?????,"509,122,15,34;531,131,34,48;576,131,20,39;607,132,22,42;629,132,26,49",yolo_plate_refined_chars,0.6804
Datasets/257.jpg,,0,,,no_plate,
Datasets/258.jpg,"676,200,133,77",5,?????,"689,222,27,39;721,224,5,29;730,222,27,34;755,222,25,37;777,225,21,39",yolo_plate_refined_chars,0.5620
Datasets/259.jpg,"626,238,171,84",7,???????,"646,265,11,33;660,265,11,33;674,265,11,33;688,265,11,33;711,266,8,33;726,266,9,33;738,266,21,33",yolo_plate_normalized_chars,0.8090
Datasets/260.jpg,"749,285,162,104",7,???????,"767,323,2,19;771,323,14,40;789,323,14,40;812,323,23,38;847,322,20,38;864,320,28,45;899,328,12,23",yolo_plate_refined_chars,0.7738
Datasets/261.jpg,"802,314,165,97",6,??????,"821,343,22,38;844,344,22,38;872,345,15,40;903,346,22,39;926,347,22,38;954,336,13,56",yolo_plate_refined_chars,0.6267
Datasets/262.jpg,"781,299,171,100",7,???????,"782,317,13,41;807,329,19,38;828,329,20,39;865,330,20,38;887,331,20,38;908,331,22,38;941,320,10,46",yolo_plate_refined_chars,0.8348
Datasets/263.jpg,"656,92,163,100",7,???????,"657,114,31,54;694,128,11,37;702,128,24,40;734,128,21,38;755,128,20,38;777,128,21,38;807,117,12,51",yolo_plate_refined_chars,0.5616
Datasets/265.jpg,"712,210,135,82",5,?????,"722,232,17,37;743,230,19,37;765,235,18,32;793,234,19,33;813,232,22,35",yolo_plate_refined_chars,0.2068
Datasets/266.jpg,"627,94,159,116",7,???????,"628,136,6,35;660,134,5,39;667,134,5,39;674,134,5,39;681,134,5,39;693,134,12,39;707,134,16,39",yolo_plate_normalized_chars,0.3624
Datasets/267.jpg,"696,135,160,98",6,??????,"697,146,25,58;715,151,27,59;743,164,20,38;765,163,21,38;798,165,19,38;822,166,18,39",yolo_plate_refined_chars,0.7027
Datasets/268.jpg,"722,117,169,91",7,???????,"741,142,19,33;759,143,19,33;776,143,24,33;802,143,18,33;821,142,10,34;835,143,19,33;855,143,18,34",yolo_plate_refined_chars,0.7695
Datasets/269.jpg,"756,249,180,93",6,??????,"776,276,20,36;802,276,17,36;823,276,17,36;854,277,20,36;877,278,19,34;899,277,20,36",yolo_plate_refined_chars,0.8414
Datasets/271.jpg,"737,200,150,89",6,??????,"754,227,22,37;776,227,20,36;805,230,3,22;807,227,20,37;828,227,20,37;849,227,23,37",yolo_plate_refined_chars,0.6902
Datasets/273.jpg,"787,232,160,90",6,??????,"789,280,16,28;809,260,22,37;833,260,19,37;855,260,20,37;888,261,18,37;909,261,24,37",yolo_plate_refined_chars,0.6394
Datasets/275.jpg,"663,123,172,100",7,???????,"665,149,19,50;695,158,16,44;715,158,16,44;736,158,20,37;769,145,17,50;791,145,17,50;822,149,5,33",yolo_plate_refined_chars,0.6259
Datasets/276.jpg,"543,280,165,100",5,?????,"565,308,25,39;585,309,26,39;612,310,22,38;645,310,22,40;672,310,22,39",yolo_plate_refined_chars,0.6806
Datasets/277.jpg,"737,373,173,105",5,?????,"763,404,12,42;781,404,26,44;808,408,22,40;846,408,22,41;863,396,31,54",yolo_plate_refined_chars,0.8042
Datasets/281.jpg,"532,253,165,104",5,?????,"551,276,24,48;574,283,24,41;598,283,24,44;633,284,25,42;659,284,21,43",yolo_plate_refined_chars,0.6782
Datasets/283.jpg,"723,167,146,96",5,?????,"738,184,25,50;763,198,21,36;795,198,18,34;828,183,24,50;860,190,9,44",yolo_plate_refined_chars,0.7070
Datasets/284.jpg,"684,300,188,106",7,???????,"707,332,18,35;725,333,10,33;739,330,7,33;748,330,7,33;756,330,7,33;770,332,22,40;795,335,10,35",yolo_plate_normalized_chars,0.9213
Datasets/285.jpg,"667,137,131,70",5,?????,"676,157,23,33;700,157,18,33;719,156,26,36;743,146,24,45;767,156,19,37",yolo_plate_refined_chars,0.2373
Datasets/288.jpg,"712,96,132,73",5,?????,"728,115,21,33;747,116,18,31;766,116,18,32;793,116,19,33;811,116,18,33",yolo_plate_refined_chars,0.4473
Datasets/289.jpg,"678,140,168,105",7,???????,"681,165,27,32;719,167,8,37;736,167,18,37;762,174,22,33;786,167,22,39;809,171,19,37;832,178,13,26",yolo_plate_normalized_chars,0.4600
Datasets/292.jpg,"595,131,161,107",6,??????,"610,152,29,51;642,166,20,38;672,159,23,45;699,166,13,39;719,156,24,51;741,160,14,62",yolo_plate_refined_chars,0.2986
Datasets/293.jpg,"691,76,140,78",5,?????,"706,91,18,44;727,100,19,34;756,99,18,34;774,98,19,36;793,99,20,40",yolo_plate_refined_chars,0.5355
Datasets/294.jpg,"611,74,148,85",5,?????,"631,102,18,35;652,102,18,35;673,102,18,35;703,102,20,36;725,102,24,37",yolo_plate_refined_chars,0.5024
Datasets/295.jpg,"694,378,186,121",5,?????,"722,415,23,43;748,416,22,43;773,417,23,44;811,418,22,45;836,419,24,45",yolo_plate_refined_chars,0.7846
Datasets/297.jpg,"733,262,187,99",6,??????,"758,295,18,35;780,295,19,35;799,292,21,34;833,295,20,34;855,295,19,34;878,295,21,35",yolo_plate_refined_chars,0.8843
Datasets/298.jpg,"707,322,176,107",7,???????,"720,340,23,38;724,379,20,26;744,356,24,40;769,357,22,40;792,358,21,40;823,358,21,43;844,359,23,40",yolo_plate_refined_chars,0.8561
Datasets/299.jpg,"520,315,248,98",7,???????,"544,338,18,44;566,338,18,44;589,346,20,38;609,347,22,37;631,347,22,38;665,348,28,47;712,342,36,46",yolo_plate_normalized_chars,0.9082
Datasets/300.jpg,"700,104,145,82",5,?????,"722,130,16,34;741,131,18,33;761,131,18,34;791,132,16,34;810,132,18,34",yolo_plate_refined_chars,0.8078
Datasets/302.jpg,"446,301,121,83",5,?????,"458,329,18,27;475,329,28,29;506,331,17,30;519,334,16,26;532,336,18,27",yolo_plate_refined_chars,0.2658
Datasets/303.jpg,"627,168,143,84",5,?????,"643,192,19,35;664,192,22,35;687,193,28,35;716,193,21,35;739,193,20,35",yolo_plate_refined_chars,0.2028
Datasets/304.jpg,"690,400,177,103",7,???????,"694,413,20,50;711,428,24,41;737,429,24,41;763,429,23,43;800,430,25,43;826,430,25,43;854,424,12,44",yolo_plate_refined_chars,0.8863
Datasets/305.jpg,"945,146,134,81",7,???????,"946,166,11,34;958,171,18,33;977,170,20,33;997,170,19,34;1025,160,23,44;1044,170,20,33;1064,167,15,33",yolo_plate_refined_chars,0.1677
Datasets/306.jpg,"692,271,149,81",6,??????,"696,282,29,42;731,293,21,36;753,293,21,37;784,293,21,38;806,295,21,37;821,284,19,45",yolo_plate_refined_chars,0.7474
Datasets/307.jpg,"0,367,348,99",7,???????,"28,378,29,77;72,378,29,77;116,378,29,77;160,378,29,77;204,378,29,77;248,378,29,77;292,378,29,77",yolo_plate_refined_chars,0.1675
Datasets/309.jpg,"746,275,156,104",7,???????,"747,328,18,23;764,308,18,36;785,309,19,37;804,309,20,37;829,310,9,37;849,311,19,37;869,311,20,37",yolo_plate_refined_chars,0.8261
Datasets/310.jpg,"700,319,163,108",7,???????,"701,336,18,56;719,352,19,39;734,356,22,43;761,353,20,39;786,354,11,39;808,355,19,39;828,355,21,40",yolo_plate_refined_chars,0.8180
Datasets/313.jpg,"468,142,146,78",7,???????,"469,163,8,56;490,162,20,35;512,161,16,45;529,161,23,40;560,161,22,37;582,160,21,37;604,157,10,54",yolo_plate_refined_chars,0.6154
Datasets/314.jpg,"725,417,186,127",6,??????,"727,479,19,33;749,456,30,48;775,459,30,45;807,461,10,44;839,463,21,45;864,464,30,56",yolo_plate_refined_chars,0.9573
Datasets/315.jpg,"711,268,178,89",7,???????,"712,296,38,34;747,296,22,33;767,295,22,36;793,296,32,38;833,298,24,35;854,298,19,34;870,301,18,32",yolo_plate_normalized_chars,0.7592
Datasets/316.jpg,"672,431,186,111",6,??????,"675,453,7,40;692,462,23,42;721,464,20,44;746,464,20,44;786,468,23,42;814,468,22,45",yolo_plate_refined_chars,0.9296
Datasets/317.jpg,"723,367,178,108",5,?????,"748,400,21,41;772,401,23,41;798,402,23,42;836,404,22,42;861,404,23,42",yolo_plate_refined_chars,0.8238
Datasets/318.jpg,,0,,,no_plate,
Datasets/319.jpg,"748,331,198,100",7,???????,"750,354,17,41;775,363,34,38;814,363,20,39;844,363,17,39;865,363,17,39;887,363,17,39;908,363,17,39",yolo_plate_normalized_chars,0.8869
Datasets/320.jpg,"714,255,174,97",5,?????,"715,302,11,33;738,284,22,37;772,286,35,39;817,287,24,39;841,287,23,39",yolo_plate_refined_chars,0.7760
Datasets/322.jpg,"719,430,235,129",7,???????,"720,449,24,55;750,469,22,44;771,471,26,43;796,472,26,44;859,474,45,47;904,478,24,44;920,458,33,50",yolo_plate_normalized_chars,0.9393
Datasets/323.jpg,"434,267,130,77",7,???????,"444,276,11,57;460,276,11,57;477,276,11,57;494,276,11,57;510,276,11,57;527,276,11,57;543,276,11,57",yolo_plate_refined_chars,0.6690
Datasets/324.jpg,"689,251,154,83",6,??????,"708,268,20,38;731,269,19,38;753,270,19,37;775,272,9,36;783,271,19,38;804,272,23,40",yolo_plate_refined_chars,0.7421
Datasets/325.jpg,"531,383,204,107",7,???????,"534,410,21,41;559,419,12,40;575,419,12,40;590,419,12,40;606,419,12,40;635,420,28,41;667,420,12,41",yolo_plate_normalized_chars,0.8925
Datasets/328.jpg,"446,213,174,104",6,??????,"447,234,21,56;475,246,16,41;487,245,30,42;514,242,23,43;549,228,32,49;574,241,27,44",yolo_plate_refined_chars,0.2425
Datasets/329.jpg,"624,155,170,91",7,???????,"634,180,30,38;662,180,20,34;683,180,17,35;704,182,18,33;722,182,17,34;741,183,19,33;758,184,18,33",yolo_plate_normalized_chars,0.8393
Datasets/331.jpg,"716,376,185,111",7,???????,"717,394,12,41;738,412,22,39;760,412,24,40;790,412,24,41;814,413,23,43;845,399,40,66;887,399,13,41",yolo_plate_refined_chars,0.8508
Datasets/332.jpg,"590,143,154,98",7,???????,"591,169,23,38;609,168,21,42;631,174,23,39;653,172,19,41;686,175,22,40;709,168,22,47;734,174,9,38",yolo_plate_refined_chars,0.1451
Datasets/333.jpg,"654,389,205,108",7,???????,"681,420,22,39;700,421,24,43;721,422,22,39;750,424,24,39;772,423,24,40;795,425,22,39;818,427,24,39",yolo_plate_normalized_chars,0.9274
Datasets/334.jpg,"527,399,180,113",6,??????,"528,453,5,25;552,433,28,42;576,433,22,42;599,433,27,46;637,436,22,43;661,437,24,43",yolo_plate_refined_chars,0.9058
Datasets/337.jpg,"609,109,151,93",7,???????,"631,138,5,33;639,138,5,33;648,138,5,33;656,138,5,33;664,138,5,33;673,138,5,33;681,138,5,33",yolo_plate_refined_chars,0.7940
Datasets/338.jpg,"704,371,171,97",6,??????,"705,382,28,48;731,400,11,32;759,400,36,40;810,394,22,48;840,401,24,55;861,396,14,44",yolo_plate_refined_chars,0.8989
Datasets/339.jpg,"611,330,205,113",7,???????,"612,363,42,47;656,365,20,40;674,365,22,43;702,366,24,40;725,368,21,39;749,369,28,39;793,354,22,65",yolo_plate_normalized_chars,0.9314
Datasets/340.jpg,"677,221,188,99",7,???????,"681,250,17,51;703,250,17,51;724,249,19,41;744,250,20,39;777,248,21,42;801,248,21,41;824,250,40,39",yolo_plate_normalized_chars,0.5574
Datasets/341.jpg,"685,339,172,106",5,?????,"708,375,21,40;733,375,23,40;758,376,22,40;795,376,22,40;819,376,23,41",yolo_plate_refined_chars,0.8543
Datasets/342.jpg,"671,518,246,134",7,???????,"672,549,40,73;716,568,41,46;759,566,26,45;800,564,31,46;832,560,28,46;863,559,25,44;896,577,20,32",yolo_plate_normalized_chars,0.9177
Datasets/343.jpg,"658,317,197,97",7,???????,"661,335,18,61;684,335,18,61;708,351,37,39;765,350,21,37;784,348,25,37;813,348,21,37;834,328,20,63",yolo_plate_normalized_chars,0.9025
Datasets/344.jpg,"883,219,173,93",6,??????,"907,250,19,33;929,250,17,33;948,251,18,32;979,251,17,32;998,250,19,33;1020,251,18,33",yolo_plate_refined_chars,0.8667
Datasets/345.jpg,"760,220,185,100",7,???????,"761,240,19,58;781,250,20,40;804,251,19,38;827,252,19,37;858,253,20,38;879,254,22,38;904,255,23,39",yolo_plate_refined_chars,0.7739
Datasets/346.jpg,"625,285,179,112",5,?????,"650,321,24,42;674,321,22,43;699,320,26,46;736,322,24,44;762,322,24,44",yolo_plate_refined_chars,0.6685
Datasets/347.jpg,"672,341,191,104",7,???????,"697,375,19,38;716,376,18,38;734,378,22,37;760,379,22,37;778,379,25,38;802,381,22,38;829,382,9,37",yolo_plate_refined_chars,0.8807
Datasets/348.jpg,"573,119,161,100",6,??????,"600,154,21,47;623,154,20,38;654,155,19,36;677,154,16,37;699,154,16,37;722,146,13,27",yolo_plate_refined_chars,0.1991
Datasets/349.jpg,"676,402,231,120",6,??????,"764,440,13,41;785,441,23,41;808,442,25,41;833,443,24,41;856,444,25,42;884,440,2,22",yolo_plate_refined_chars,0.9260
Datasets/351.jpg,"700,405,188,100",7,???????,"702,427,5,35;722,435,23,42;752,427,23,51;776,422,23,56;814,437,24,42;840,437,26,52;880,427,7,40",yolo_plate_refined_chars,0.9066
Datasets/353.jpg,"831,283,219,127",6,??????,"857,325,23,42;883,325,24,43;909,323,24,45;946,326,25,43;974,327,24,42;1002,327,24,43",yolo_plate_refined_chars,0.9316
Datasets/354.jpg,"683,236,177,99",7,???????,"708,268,25,34;735,268,11,34;749,268,11,34;768,271,18,32;793,271,7,34;806,272,18,33;832,273,6,33",yolo_plate_normalized_chars,0.8873
Datasets/355.jpg,"587,94,165,88",6,??????,"606,124,14,32;625,124,14,32;644,124,15,32;663,124,16,32;681,124,18,32;702,124,16,32",yolo_plate_refined_chars,0.8259
Datasets/356.jpg,"813,226,177,100",7,???????,"837,258,25,34;865,258,11,34;879,258,11,34;899,262,17,32;924,263,5,32;937,263,18,32;963,265,5,31",yolo_plate_normalized_chars,0.8703
Datasets/359.jpg,"397,161,155,90",7,???????,"405,180,10,53;417,189,22,40;444,189,12,44;463,190,22,43;499,191,19,44;523,191,16,40;546,183,6,43",yolo_plate_refined_chars,0.1598
Datasets/361.jpg,"874,271,165,97",7,???????,"888,298,3,38;891,302,21,37;912,301,22,38;933,301,22,38;958,301,12,40;976,302,28,38;1004,302,22,40",yolo_plate_refined_chars,0.8379
Datasets/362.jpg,"735,197,156,93",6,??????,"753,228,20,36;775,229,18,34;807,228,21,36;830,228,21,36;852,227,21,37;878,243,4,26",yolo_plate_refined_chars,0.7750
Datasets/363.jpg,"261,242,147,91",7,???????,"281,271,15,34;294,272,17,34;308,272,17,34;325,274,24,34;345,275,17,34;367,276,11,36;381,276,11,36",yolo_plate_normalized_chars,0.8055
Datasets/364.jpg,"626,302,178,107",5,?????,"650,335,22,42;676,336,22,41;701,337,22,41;736,338,22,42;762,339,23,42",yolo_plate_refined_chars,0.9050
Datasets/365.jpg,"711,174,134,77",5,?????,"730,195,10,34;746,196,17,34;766,197,17,34;794,199,18,35;815,199,18,35",yolo_plate_refined_chars,0.4557
Datasets/366.jpg,"515,0,493,146",7,???????,"637,9,56,57;687,24,63,43;751,25,46,44;796,25,42,46;836,12,48,61;881,27,42,46;924,29,46,44",yolo_plate_normalized_chars,0.6888
Datasets/368.jpg,"691,307,165,103",5,?????,"713,341,19,38;736,342,19,37;759,342,19,38;793,343,19,38;817,343,19,38",yolo_plate_refined_chars,0.8916
Datasets/369.jpg,"749,348,177,105",7,???????,"769,379,22,45;791,381,22,39;814,381,22,39;842,383,18,42;865,384,23,41;889,379,22,47;910,371,5,61",yolo_plate_normalized_chars,0.8726
Datasets/370.jpg,"617,381,175,111",5,?????,"636,414,24,45;661,418,23,40;686,418,22,41;723,422,23,40;748,420,26,52",yolo_plate_refined_chars,0.7956
Datasets/371.jpg,"220,240,121,90",5,?????,"238,285,14,16;254,285,13,17;271,285,21,20;294,285,16,21;311,285,15,22",yolo_plate_refined_chars,0.6615
Datasets/373.jpg,"628,159,154,93",6,??????,"650,190,18,37;671,190,18,37;692,190,19,38;724,190,17,38;746,190,17,38;769,190,13,26",yolo_plate_refined_chars,0.3557
Datasets/375.jpg,"645,268,154,88",7,???????,"646,289,13,30;657,288,25,44;684,293,20,39;706,291,20,41;737,293,23,39;762,293,22,40;784,291,14,40",yolo_plate_refined_chars,0.7922
Datasets/376.jpg,"323,397,146,105",7,???????,"324,426,12,43;342,428,12,33;358,428,12,33;370,429,18,34;390,431,23,33;422,440,9,24;433,440,9,24",yolo_plate_normalized_chars,0.6864
Datasets/378.jpg,"377,357,189,107",7,???????,"392,390,19,26;414,392,20,38;434,392,21,40;462,393,18,43;485,393,18,43;509,393,11,50;522,394,26,44",yolo_plate_refined_chars,0.5505
Datasets/380.jpg,"700,119,141,84",6,??????,"720,143,18,33;740,142,19,34;761,142,17,34;789,142,15,35;809,142,15,35;832,149,8,30",yolo_plate_refined_chars,0.3028
Datasets/382.jpg,"562,241,157,92",7,???????,"579,267,17,37;598,267,13,38;615,267,13,38;636,269,17,34;653,269,16,34;670,269,17,35;688,270,16,35",yolo_plate_refined_chars,0.7475
Datasets/384.jpg,"532,403,188,108",5,?????,"564,435,12,42;585,436,23,42;610,436,23,43;648,437,23,43;676,438,23,43",yolo_plate_refined_chars,0.8791
Datasets/387.jpg,"463,553,215,134",6,??????,"485,572,49,81;547,595,15,49;566,581,38,70;603,581,31,69;630,597,27,56;656,584,5,32",yolo_plate_refined_chars,0.9381
Datasets/388.jpg,"603,268,143,75",7,???????,"614,276,12,57;632,276,12,57;650,276,12,57;669,276,12,57;687,276,12,57;705,276,12,57;723,276,12,57",yolo_plate_refined_chars,0.7185
Datasets/389.jpg,"709,174,183,100",7,???????,"710,200,16,39;731,203,15,37;751,203,15,37;769,204,19,36;787,205,25,36;811,205,19,36;836,203,33,39",yolo_plate_normalized_chars,0.6807
Datasets/390.jpg,"610,262,142,76",5,?????,"625,284,21,35;647,284,20,34;666,283,21,35;704,296,6,16;711,282,26,41",yolo_plate_refined_chars,0.7106
Datasets/391.jpg,"619,304,178,107",5,?????,"643,337,22,41;668,339,22,41;693,340,21,42;730,341,21,42;755,342,22,42",yolo_plate_refined_chars,0.8954
Datasets/393.jpg,"735,262,168,113",5,?????,"756,299,31,47;802,299,35,44;839,301,24,40;865,301,21,41;889,288,4,52",yolo_plate_refined_chars,0.9067
Datasets/394.jpg,"713,360,199,104",5,?????,"758,392,21,39;782,393,22,39;807,395,23,39;846,398,21,39;870,398,23,41",yolo_plate_refined_chars,0.7182
Datasets/395.jpg,"738,412,207,131",6,??????,"761,453,20,46;786,453,20,46;811,455,24,45;838,456,25,45;871,457,25,45;899,458,24,45",yolo_plate_refined_chars,0.9097
Datasets/396.jpg,,0,,,no_plate,
Datasets/397.jpg,"591,399,184,111",7,???????,"592,421,18,32;611,432,26,42;639,429,21,44;664,436,25,43;704,426,28,52;731,435,31,44;758,431,16,47",yolo_plate_normalized_chars,0.8993
Datasets/398.jpg,"648,300,156,98",7,???????,"662,318,13,59;682,318,13,59;701,318,13,59;720,318,13,59;740,318,13,59;759,318,13,59;779,318,13,59",yolo_plate_refined_chars,0.7694
Datasets/399.jpg,"585,246,176,103",7,???????,"603,281,21,37;622,281,21,39;641,281,21,38;673,281,8,38;692,281,9,38;705,281,22,38;726,281,21,38",yolo_plate_refined_chars,0.8694
Datasets/401.jpg,"612,611,209,109",7,???????,"613,633,16,48;631,641,13,47;647,641,13,47;659,645,32,53;696,646,11,44;710,646,11,44;738,649,26,44",yolo_plate_normalized_chars,0.7555
Datasets/402.jpg,"587,103,143,74",5,?????,"596,123,25,37;619,122,20,37;641,121,23,37;673,120,24,40;694,120,22,38",yolo_plate_refined_chars,0.6361
Datasets/403.jpg,"563,279,183,100",5,?????,"588,310,25,41;612,310,25,41;648,310,23,41;674,309,25,42;702,308,17,43",yolo_plate_refined_chars,0.6370
Datasets/405.jpg,"712,164,128,77",5,?????,"725,190,17,30;745,191,15,30;763,192,17,30;788,192,17,30;813,202,17,29",yolo_plate_refined_chars,0.6277
Datasets/406.jpg,,0,,,no_plate,
Datasets/407.jpg,"619,357,205,112",7,???????,"642,395,24,40;671,395,20,41;696,396,18,40;728,398,24,40;755,399,23,38;780,399,24,39;810,406,14,26",yolo_plate_refined_chars,0.9420
Datasets/408.jpg,"736,274,159,104",7,???????,"751,304,2,21;755,306,20,38;776,308,19,37;795,308,20,37;815,310,20,37;842,311,19,37;863,312,19,37",yolo_plate_refined_chars,0.8447
Datasets/410.jpg,"623,92,145,98",5,?????,"642,127,19,37;664,128,18,36;692,129,19,35;714,129,18,35;735,129,18,36",yolo_plate_refined_chars,0.5135
Datasets/411.jpg,"577,205,117,68",6,??????,"578,212,12,38;590,227,10,32;607,223,14,29;623,223,14,31;638,224,15,30;677,228,8,16",yolo_plate_refined_chars,0.2438
Datasets/412.jpg,"728,418,192,122",7,???????,"749,454,24,44;774,455,23,44;796,455,25,46;821,457,24,46;847,459,6,23;853,460,24,45;878,461,23,45",yolo_plate_refined_chars,0.9612
Datasets/413.jpg,"667,205,136,73",5,?????,"687,214,16,44;701,225,17,33;719,226,22,34;750,226,20,34;770,226,19,38",yolo_plate_refined_chars,0.2160
Datasets/414.jpg,"609,329,174,112",7,???????,"617,352,9,56;632,364,16,42;654,365,22,42;678,367,22,41;714,367,24,42;740,368,24,41;768,368,4,48",yolo_plate_refined_chars,0.8559
Datasets/415.jpg,"646,289,177,120",7,???????,"647,315,6,37;674,312,25,54;691,326,35,43;726,329,25,41;750,329,24,42;773,324,34,60;810,318,12,42",yolo_plate_refined_chars,0.8270
Datasets/416.jpg,"967,64,188,76",6,??????,"968,80,13,48;989,94,22,24;1061,90,24,28;1104,88,11,31;1118,88,11,31;1135,75,19,51",yolo_plate_refined_chars,0.4291
Datasets/417.jpg,"741,128,173,85",7,???????,"760,153,19,33;779,153,19,33;796,153,19,33;822,153,18,35;845,153,8,37;857,151,18,37;877,154,18,34",yolo_plate_refined_chars,0.8175
Datasets/418.jpg,"632,226,148,82",5,?????,"653,251,18,35;674,250,18,35;695,251,18,35;725,251,18,36;746,251,19,36",yolo_plate_refined_chars,0.6143
Datasets/419.jpg,"261,306,168,104",7,???????,"262,324,17,31;279,334,20,38;296,336,20,38;317,337,16,38;330,338,27,37;354,339,18,38;392,330,36,46",yolo_plate_normalized_chars,0.8889
Datasets/420.jpg,"755,317,198,113",7,???????,"758,341,18,44;783,351,15,39;802,351,15,39;822,352,19,40;850,354,19,39;872,356,19,38;916,358,19,39",yolo_plate_normalized_chars,0.8862
Datasets/421.jpg,"596,126,147,91",5,?????,"615,153,20,37;635,154,18,36;654,154,22,37;686,155,20,37;708,155,18,37",yolo_plate_refined_chars,0.6437
Datasets/422.jpg,"706,368,205,107",7,???????,"728,399,18,40;751,399,18,40;773,400,20,40;802,401,17,40;824,401,17,40;853,402,8,40;868,402,22,40",yolo_plate_refined_chars,0.9318
Datasets/426.jpg,"253,254,148,91",7,???????,"273,284,12,36;289,284,12,36;304,284,12,36;323,286,15,34;340,286,15,34;357,288,15,34;373,288,14,34",yolo_plate_normalized_chars,0.7353
Datasets/428.jpg,"625,205,136,74",6,??????,"626,220,14,52;639,223,18,36;658,223,22,33;679,223,20,33;705,225,24,33;727,224,18,34",yolo_plate_refined_chars,0.7249
Datasets/429.jpg,"265,330,191,119",6,??????,"266,355,21,74;288,363,28,48;318,361,27,50;345,365,26,48;384,365,29,49;411,365,24,49",yolo_plate_refined_chars,0.8276
Datasets/431.jpg,"626,325,162,90",6,??????,"646,350,22,38;667,350,23,38;691,351,22,38;724,354,4,22;733,345,15,46;752,345,15,46",yolo_plate_refined_chars,0.8126
Datasets/432.jpg,"685,253,173,85",7,???????,"705,277,19,35;723,277,19,35;741,278,19,34;764,278,21,35;783,278,20,35;802,278,19,35;821,278,19,35",yolo_plate_refined_chars,0.7851
Datasets/433.jpg,"580,82,149,91",7,???????,"581,89,15,57;597,108,21,38;619,109,19,37;639,109,21,38;660,110,30,37;691,108,21,38;713,98,15,50",yolo_plate_refined_chars,0.6701
Datasets/437.jpg,"375,252,161,90",7,???????,"392,267,13,48;409,267,13,48;427,280,19,34;452,281,16,34;468,280,18,35;485,281,16,34;503,281,16,34",yolo_plate_refined_chars,0.6823
Datasets/438.jpg,"737,436,223,115",7,???????,"759,467,25,45;782,469,25,44;808,470,24,44;841,471,24,44;865,470,24,45;890,472,24,43;915,473,23,43",yolo_plate_refined_chars,0.9064
Datasets/439.jpg,"711,283,186,107",7,???????,"809,298,8,36;821,298,8,36;833,298,8,36;846,298,8,36;858,298,8,36;870,298,8,36;882,298,8,36",yolo_plate_refined_chars,0.8591
Datasets/440.jpg,"242,253,106,74",7,???????,"250,261,9,58;264,261,9,58;277,261,9,58;290,261,9,58;304,261,9,58;317,261,9,58;331,261,9,58",yolo_plate_refined_chars,0.1255
Datasets/441.jpg,"738,413,184,111",6,??????,"752,424,25,75;773,428,35,60;809,447,13,44;823,432,27,60;856,435,31,58;889,434,24,74",yolo_plate_refined_chars,0.8640
Datasets/443.jpg,"754,402,185,100",5,?????,"773,423,30,49;803,429,25,43;829,430,23,43;868,430,28,45;895,431,24,44",yolo_plate_refined_chars,0.8880
Datasets/445.jpg,"745,87,139,70",5,?????,"760,106,20,34;781,106,19,34;799,104,20,37;830,106,18,38;847,105,21,35",yolo_plate_refined_chars,0.5913
Datasets/446.jpg,"715,234,188,107",7,???????,"739,272,23,37;765,272,10,37;779,272,18,37;805,272,12,37;821,272,12,37;835,272,12,37;851,272,12,37",yolo_plate_normalized_chars,0.8452
Datasets/447.jpg,"443,449,172,111",5,?????,"461,476,24,44;492,478,12,44;511,479,23,44;549,482,23,45;576,484,23,45",yolo_plate_refined_chars,0.5527
Datasets/448.jpg,"741,347,192,91",7,???????,"760,370,22,39;780,370,21,39;802,371,22,39;829,372,22,38;852,372,20,38;869,372,25,39;889,372,27,41",yolo_plate_refined_chars,0.9003
Datasets/451.jpg,"676,398,178,112",7,???????,"677,414,12,46;694,431,23,44;717,434,22,42;740,436,22,40;762,438,22,40;793,439,21,42;817,441,19,41",yolo_plate_refined_chars,0.9509
Datasets/452.jpg,"630,80,146,91",5,?????,"653,104,19,34;672,104,19,35;692,104,19,35;721,104,19,35;741,104,19,36",yolo_plate_refined_chars,0.4875
Datasets/453.jpg,"880,96,143,84",7,???????,"880,116,20,46;903,119,19,35;922,121,18,33;940,120,28,36;968,121,20,32;988,121,18,32;1011,109,12,48",yolo_plate_refined_chars,0.5629
Datasets/456.jpg,"758,334,197,106",7,???????,"783,365,15,43;803,365,15,43;823,368,23,38;851,370,23,37;871,368,23,40;892,371,23,38;915,373,21,37",yolo_plate_normalized_chars,0.9417
Datasets/457.jpg,"669,165,145,81",5,?????,"690,187,12,37;707,188,20,35;726,187,20,36;759,185,19,39;778,188,20,35",yolo_plate_refined_chars,0.4642
Datasets/459.jpg,"719,388,184,106",5,?????,"751,419,13,43;769,420,24,43;808,421,22,44;835,421,22,44;862,423,23,43",yolo_plate_refined_chars,0.8147
Datasets/462.jpg,"556,391,173,104",7,???????,"558,413,13,42;580,425,30,40;615,425,13,40;632,425,13,40;663,427,22,40;691,428,21,40;716,415,13,55",yolo_plate_normalized_chars,0.7966
Datasets/467.jpg,"925,209,178,104",7,???????,"948,246,15,37;967,246,15,37;981,246,19,35;1002,245,11,35;1016,245,11,35;1028,246,19,34;1045,244,18,36",yolo_plate_normalized_chars,0.9286
Datasets/468.jpg,"650,204,145,83",5,?????,"685,226,21,37;706,227,21,37;737,228,20,37;758,229,21,37;782,229,9,33",yolo_plate_refined_chars,0.4004
Datasets/470.jpg,"0,385,323,135",7,???????,"26,401,27,103;67,401,27,103;107,401,27,103;148,401,27,103;189,401,27,103;229,401,27,103;270,401,27,103",yolo_plate_refined_chars,0.2319
Datasets/472.jpg,"599,268,184,103",7,???????,"621,300,20,38;640,300,21,38;662,301,18,37;693,301,9,39;708,301,15,38;728,301,15,38;744,301,21,38",yolo_plate_normalized_chars,0.9032
Datasets/474.jpg,"675,159,155,96",7,???????,"676,180,12,52;696,190,21,36;719,191,18,36;738,191,20,38;770,191,19,37;787,189,21,39;824,183,6,51",yolo_plate_refined_chars,0.7032
Datasets/476.jpg,"671,421,177,105",5,?????,"693,452,21,41;717,453,23,41;743,454,23,42;780,456,22,42;808,457,21,42",yolo_plate_refined_chars,0.8670
Datasets/477.jpg,"550,434,179,105",5,?????,"568,463,23,42;595,463,23,43;618,463,29,46;659,466,32,44;687,466,24,42",yolo_plate_refined_chars,0.9069
Datasets/478.jpg,"223,269,96,70",5,?????,"224,282,9,33;231,292,10,34;252,298,11,19;263,288,16,33;278,288,16,32",yolo_plate_refined_chars,0.1503
Datasets/480.jpg,"626,157,170,96",7,???????,"627,189,19,36;646,187,35,39;686,189,14,37;708,191,18,35;725,190,20,36;747,191,14,37;766,191,14,37",yolo_plate_normalized_chars,0.8363
Datasets/481.jpg,"805,86,140,76",7,???????,"806,99,11,45;824,107,20,35;845,108,17,33;863,108,18,33;889,109,20,35;909,109,18,33;936,103,8,47",yolo_plate_refined_chars,0.6915
Datasets/482.jpg,"690,147,172,81",7,???????,"708,169,20,36;726,169,21,35;748,169,18,35;769,170,20,34;788,170,20,34;809,171,18,34;828,170,18,35",yolo_plate_refined_chars,0.7713
Datasets/485.jpg,"621,175,142,85",5,?????,"634,198,21,35;657,198,19,36;675,199,22,36;708,200,19,36;730,201,20,36",yolo_plate_refined_chars,0.3466
Datasets/486.jpg,"709,413,212,91",6,??????,"730,437,27,42;761,437,20,42;784,437,24,42;821,441,22,38;848,440,23,39;874,440,24,41",yolo_plate_refined_chars,0.8730
Datasets/487.jpg,"589,366,177,114",7,???????,"590,382,12,46;608,386,16,55;631,400,21,47;654,405,22,42;672,404,24,40;705,408,21,44;726,410,24,44",yolo_plate_refined_chars,0.9537
Datasets/488.jpg,"208,108,131,89",5,?????,"226,120,17,49;247,130,9,35;262,132,15,32;289,132,19,35;306,135,16,32",yolo_plate_refined_chars,0.4045
Datasets/489.jpg,"741,421,187,120",7,???????,"758,453,24,44;783,455,24,44;806,456,26,44;833,458,24,43;857,460,31,44;889,462,22,44;912,468,2,28",yolo_plate_normalized_chars,0.9444
Datasets/491.jpg,"662,122,162,82",7,???????,"663,133,19,51;688,142,21,37;710,143,20,37;730,144,22,37;762,144,21,38;784,145,21,38;814,136,9,48",yolo_plate_refined_chars,0.6573
Datasets/492.jpg,"361,338,200,121",6,??????,"388,373,26,44;413,371,27,47;440,374,24,48;480,374,28,50;507,374,26,46;540,370,13,40",yolo_plate_refined_chars,0.6459
Datasets/493.jpg,"0,384,176,115",7,???????,"14,397,15,89;36,397,15,89;58,397,15,89;80,397,15,89;103,397,15,89;125,397,15,89;147,397,15,89",yolo_plate_refined_chars,0.4281
Datasets/494.jpg,"735,217,162,97",5,?????,"756,247,20,37;778,248,19,37;801,248,19,37;833,248,19,38;856,248,20,37",yolo_plate_refined_chars,0.7409
Datasets/495.jpg,"490,160,170,89",7,???????,"511,190,21,34;538,190,14,35;556,190,14,35;582,190,19,33;609,190,8,36;624,190,17,34;648,196,12,30",yolo_plate_refined_chars,0.6311
Datasets/496.jpg,"579,182,139,90",6,??????,"580,192,15,58;596,207,18,35;614,208,19,35;635,208,17,35;662,205,19,40;683,208,22,45",yolo_plate_refined_chars,0.5005
Datasets/497.jpg,"937,152,131,81",7,???????,"938,159,11,44;952,176,14,30;968,176,15,29;987,176,9,33;1000,176,16,30;1022,177,14,30;1040,165,27,41",yolo_plate_normalized_chars,0.7602
Datasets/498.jpg,"713,241,176,89",6,??????,"734,268,21,35;761,268,15,35;781,268,15,35;807,268,20,34;830,268,20,35;852,268,20,35",yolo_plate_refined_chars,0.7917
Datasets/499.jpg,"710,266,155,88",7,???????,"711,288,13,29;726,291,20,39;754,290,11,41;771,291,22,40;806,291,22,40;829,292,22,39;853,291,11,40",yolo_plate_refined_chars,0.8233
Datasets/500.jpg,,0,,,no_plate,
Datasets/501.jpg,"682,454,179,106",7,???????,"708,485,10,41;715,481,25,48;747,485,22,42;769,485,23,43;814,478,30,55;848,473,12,30;848,501,12,27",yolo_plate_refined_chars,0.8091
Datasets/502.jpg,"589,173,131,69",7,???????,"602,195,17,35;618,195,17,30;636,195,16,30;653,196,17,29;675,196,18,34;691,196,17,29;710,182,9,37",yolo_plate_refined_chars,0.7378
Datasets/503.jpg,"572,230,125,63",6,??????,"585,248,17,26;599,249,19,30;623,250,15,26;639,250,17,26;655,250,15,26;672,250,15,27",yolo_plate_refined_chars,0.4541
Datasets/504.jpg,"558,238,119,67",6,??????,"564,262,16,27;582,262,17,27;604,262,16,27;620,262,16,27;637,261,16,28;657,261,8,29",yolo_plate_refined_chars,0.4717
Datasets/505.jpg,"566,189,150,70",7,???????,"578,209,17,30;596,209,18,30;613,209,18,30;635,210,18,29;653,210,18,29;670,208,18,32;687,210,18,30",yolo_plate_refined_chars,0.7463
Datasets/507.jpg,"518,223,154,73",7,???????,"536,245,16,29;553,245,16,29;569,246,16,29;590,246,16,29;606,246,17,29;623,246,16,29;640,246,17,28",yolo_plate_normalized_chars,0.7537
Datasets/508.jpg,"588,205,128,60",7,???????,"625,225,5,35;633,225,5,35;641,225,5,35;649,225,5,35;657,225,5,35;665,225,5,35;673,225,5,35",yolo_plate_refined_chars,0.5816
Datasets/509.jpg,"528,213,130,77",7,???????,"547,241,8,28;566,243,6,24;573,243,6,24;580,243,6,24;588,241,20,28;616,246,4,23;620,231,27,44",yolo_plate_normalized_chars,0.6878
Datasets/510.jpg,"493,192,149,77",7,???????,"508,216,32,31;540,218,17,30;562,219,17,29;578,220,15,29;594,221,16,28;610,222,17,29;630,208,11,37",yolo_plate_normalized_chars,0.8648
Datasets/511.jpg,"490,211,140,73",7,???????,"492,236,19,29;513,234,15,29;530,235,15,29;547,235,15,29;564,237,15,28;588,237,11,32;602,237,26,32",yolo_plate_normalized_chars,0.2230
Datasets/512.jpg,"493,180,149,73",6,??????,"509,206,15,25;525,206,16,26;541,207,16,26;563,208,25,26;593,209,17,25;610,209,17,25",yolo_plate_refined_chars,0.6736
Datasets/513.jpg,"526,239,130,69",6,??????,"540,261,15,29;558,261,14,29;574,262,15,29;591,262,15,29;615,262,13,29;631,262,13,29",yolo_plate_refined_chars,0.8098
Datasets/514.jpg,"544,210,120,75",6,??????,"555,237,16,29;568,238,19,33;587,238,16,28;603,238,16,28;628,239,16,29;641,237,16,30",yolo_plate_refined_chars,0.2776
Datasets/515.jpg,"592,203,129,66",7,???????,"593,210,13,35;605,223,16,28;621,229,11,24;646,223,10,29;659,223,10,29;675,223,15,29;692,224,16,28",yolo_plate_normalized_chars,0.7340
Datasets/517.jpg,"556,226,161,74",7,???????,"557,244,33,43;591,249,19,31;609,249,18,30;632,251,18,29;665,252,19,28;684,253,18,28;699,240,17,49",yolo_plate_normalized_chars,0.7129
Datasets/518.jpg,"545,240,129,66",6,??????,"557,261,18,29;573,261,19,33;592,262,20,28;614,263,16,29;630,262,16,29;651,262,9,29",yolo_plate_refined_chars,0.2680
Datasets/520.jpg,"336,358,270,169",7,???????,"342,388,6,63;351,388,6,63;360,388,6,63;369,388,6,63;378,388,6,63;387,388,6,63;396,388,6,63",yolo_plate_refined_chars,0.8475
Datasets/521.jpg,"312,314,250,182",5,?????,"365,377,30,61;402,378,24,63;433,378,24,63;472,381,32,61;506,382,32,62",yolo_plate_refined_chars,0.6025
Datasets/522.jpg,"436,325,285,197",6,??????,"469,389,34,66;503,389,34,67;548,391,18,69;572,392,36,69;622,394,33,67;656,396,34,67",yolo_plate_refined_chars,0.8956
Datasets/523.jpg,"455,577,215,158",6,??????,"478,634,34,54;503,626,29,61;532,629,35,52;567,631,27,54;599,633,13,52;611,627,36,70",yolo_plate_refined_chars,0.8523
Datasets/524.jpg,"386,229,288,173",6,??????,"430,287,32,60;460,285,37,74;507,286,34,63;545,284,17,66;573,287,35,74;607,288,33,60",yolo_plate_refined_chars,0.8767
Datasets/525.jpg,"298,403,208,138",6,??????,"322,452,25,50;346,452,26,57;373,451,25,50;397,451,26,51;437,450,18,60;460,450,18,60",yolo_plate_refined_chars,0.8829
Datasets/526.jpg,"297,290,243,153",7,???????,"298,328,25,84;326,342,27,55;355,342,29,55;389,341,23,58;418,341,23,58;457,340,23,67;486,325,53,83",yolo_plate_normalized_chars,0.8390
Datasets/527.jpg,"334,504,234,152",5,?????,"364,553,27,54;393,554,27,54;421,554,28,55;456,553,15,60;504,561,40,62",yolo_plate_refined_chars,0.9168
Datasets/528.jpg,"390,306,245,175",7,???????,"420,366,18,63;442,369,33,68;476,370,30,58;507,371,30,58;550,370,30,69;574,351,39,78;603,365,31,89",yolo_plate_refined_chars,0.8802
Datasets/529.jpg,"389,429,337,214",7,???????,"399,524,27,73;462,524,20,49;489,524,34,50;528,524,33,51;567,524,34,52;627,524,12,54;653,524,37,56",yolo_plate_refined_chars,0.9121
Datasets/530.jpg,"389,571,194,145",7,???????,"390,615,16,62;408,622,23,48;431,622,25,56;465,623,23,48;489,623,24,50;515,624,24,48;540,625,24,48",yolo_plate_refined_chars,0.8190
Datasets/531.jpg,"436,464,315,218",6,??????,"556,558,16,60;571,561,32,67;602,564,28,56;629,564,28,56;666,567,29,55;689,577,34,60",yolo_plate_refined_chars,0.8227
Datasets/532.jpg,"455,391,220,152",6,??????,"484,442,26,46;511,442,25,48;543,443,26,51;571,446,25,48;597,447,24,49;624,449,25,47",yolo_plate_refined_chars,0.7291
Datasets/534.jpg,"326,424,236,152",7,???????,"353,478,22,56;381,478,22,56;410,477,22,56;438,477,22,56;477,475,22,57;505,475,22,57;531,491,29,53",yolo_plate_refined_chars,0.7611
Datasets/535.jpg,"504,292,251,176",6,??????,"538,343,18,64;564,344,31,63;591,347,33,62;622,349,33,60;663,352,36,60;696,354,35,60",yolo_plate_refined_chars,0.8146
Datasets/537.jpg,"154,334,278,187",7,???????,"156,346,36,137;182,398,34,67;216,399,34,67;251,398,62,70;321,398,47,81;367,399,36,69;399,348,31,136",yolo_plate_normalized_chars,0.7772
Datasets/538.jpg,"474,557,203,138",7,???????,"475,613,23,60;498,586,27,53;521,601,32,59;554,602,24,48;579,603,23,48;603,602,27,59;628,603,24,49",yolo_plate_refined_chars,0.7875
Datasets/540.jpg,"602,537,192,127",7,???????,"624,576,23,43;649,578,22,42;672,578,23,43;696,578,24,44;732,578,18,46;754,578,18,46;779,577,14,52",yolo_plate_refined_chars,0.9347
Datasets/542.jpg,"386,582,241,189",6,??????,"425,656,27,50;452,657,28,51;493,658,14,54;514,661,26,51;541,662,27,51;569,664,27,50",yolo_plate_refined_chars,0.8577
Datasets/543.jpg,"494,362,226,143",7,???????,"495,417,22,50;522,405,28,54;545,406,30,61;574,406,30,54;604,405,29,55;637,407,29,53;666,408,28,52",yolo_plate_refined_chars,0.9075
Datasets/545.jpg,"103,401,221,168",6,??????,"131,461,26,58;158,462,26,57;194,461,27,59;222,462,26,58;248,462,30,67;275,462,29,60",yolo_plate_refined_chars,0.8378
Datasets/546.jpg,"26,451,314,205",7,???????,"28,494,29,101;120,530,29,65;146,530,34,75;188,530,29,68;217,530,31,68;250,533,29,65;281,533,29,67",yolo_plate_refined_chars,0.7444
Datasets/547.jpg,"475,353,262,174",6,??????,"508,414,29,57;537,414,33,67;574,414,24,59;605,414,24,59;646,415,24,58;677,415,24,58",yolo_plate_refined_chars,0.8896
Datasets/549.jpg,"11,403,287,199",6,??????,"60,468,22,78;88,468,22,78;124,468,33,65;157,468,32,66;202,468,30,65;232,468,33,65",yolo_plate_refined_chars,0.7954
